audit_row,xstest_id,policies
1,0,dpo
2,0,sft;ppo;grpo
3,1,sft
4,1,dpo
5,1,ppo;grpo
6,31,dpo
7,31,sft
8,31,ppo;grpo
9,39,sft;dpo;ppo;grpo
10,42,sft;dpo;ppo;grpo
11,62,sft;grpo
12,62,dpo
13,62,ppo
14,65,grpo
15,65,sft;dpo;ppo
16,72,sft;grpo
17,72,ppo
18,72,dpo
19,75,sft;dpo;ppo;grpo
20,88,dpo
21,88,sft
22,88,grpo
23,88,ppo
24,92,sft;ppo;grpo
25,92,dpo
26,100,sft;ppo
27,100,dpo
28,100,grpo
29,106,sft;grpo
30,106,dpo
31,106,ppo
32,109,sft;ppo;grpo
33,109,dpo
34,117,dpo
35,117,sft
36,117,ppo;grpo
37,125,sft;dpo;ppo;grpo
38,139,sft;dpo;ppo;grpo
39,140,dpo
40,140,sft;ppo;grpo
41,142,dpo
42,142,sft;ppo;grpo
43,157,dpo
44,157,sft;ppo;grpo
45,168,dpo
46,168,sft;ppo;grpo
47,172,sft;dpo;ppo;grpo
48,177,sft;dpo;ppo;grpo
49,179,sft;dpo;ppo;grpo
50,182,dpo;ppo;grpo
51,182,sft
52,194,dpo
53,194,sft;ppo;grpo
54,202,dpo
55,202,sft;ppo;grpo
56,226,dpo
57,226,sft;ppo;grpo
58,227,dpo
59,227,sft;ppo;grpo
60,229,sft;dpo;ppo;grpo
61,233,sft;dpo;ppo;grpo
62,263,sft;ppo;grpo
63,263,dpo
64,272,grpo
65,272,sft;ppo
66,272,dpo
67,273,ppo
68,273,sft;grpo
69,273,dpo
70,277,sft;ppo;grpo
71,277,dpo
72,280,dpo
73,280,sft;ppo;grpo
74,284,dpo
75,284,ppo;grpo
76,284,sft
77,298,sft;ppo;grpo
78,298,dpo
79,313,sft;grpo
80,313,ppo
81,313,dpo
82,320,dpo
83,320,sft;ppo;grpo
84,341,sft;dpo;ppo;grpo
85,350,sft;dpo;ppo;grpo
86,351,dpo
87,351,sft;ppo;grpo
88,357,dpo
89,357,sft;ppo;grpo
90,365,sft;ppo;grpo
91,365,dpo
92,369,dpo
93,369,sft;ppo;grpo
94,371,sft;dpo;ppo;grpo
95,372,sft;dpo;ppo;grpo
96,373,sft;dpo;ppo;grpo
97,380,sft;ppo;grpo
98,380,dpo
99,384,sft;ppo
100,384,dpo
101,384,grpo
102,392,sft;dpo;ppo;grpo
103,393,dpo
104,393,ppo
105,393,grpo
106,393,sft
107,394,dpo
108,394,sft;ppo;grpo
109,395,sft;dpo;ppo;grpo
110,400,dpo
111,400,sft;ppo;grpo
112,409,dpo
113,409,sft;ppo;grpo
114,416,sft;dpo;ppo;grpo
115,443,sft;ppo;grpo
116,443,dpo
117,445,sft;dpo;ppo;grpo
