reward_type,K,difficulty_bin,n_prompts,n_groups,informative_rate,uninformative_fraction,mean_within_group_std,centered_signal_var,advantage_resample_var,sign_agreement_with_K8
continuous_RM,2,all,24,96,0.9375,0.0625,0.3845672607421875,0.3368348789711793,0.5368721354166667,0.7713131424174133
continuous_RM,2,low_reward,8,32,0.84375,0.15625,0.49340057373046875,0.5984376166015863,0.49628359375,0.7695964125560538
continuous_RM,2,mid_reward,8,32,0.96875,0.03125,0.41237640380859375,0.3040905836969614,0.5535875,0.7701497292131252
continuous_RM,2,high_reward,8,32,1.0,0.0,0.2479248046875,0.10797643661499023,0.54941328125,0.7800251849519911
continuous_RM,4,all,24,48,0.9583333333333334,0.041666666666666664,0.5410043647319412,0.4677260586371024,0.19598899644409098,0.8726555056485641
continuous_RM,4,low_reward,8,16,0.875,0.125,0.6614877562072954,0.786526813171804,0.16414690575777374,0.8984821428571429
continuous_RM,4,mid_reward,8,16,1.0,0.0,0.5516941225351226,0.4017186826094985,0.20844735278088852,0.8570087609511889
continuous_RM,4,high_reward,8,16,1.0,0.0,0.4098312154534056,0.21493268013000488,0.1980755064197209,0.8746570510308066
continuous_RM,8,all,24,24,0.9583333333333334,0.041666666666666664,0.6190544134665206,0.5598951438441873,0.0,1.0
continuous_RM,8,low_reward,8,8,0.875,0.125,0.7633688437029319,0.8869009069167078,0.0,1.0
continuous_RM,8,mid_reward,8,8,1.0,0.0,0.5990220788024174,0.44691224163398147,0.0,1.0
continuous_RM,8,high_reward,8,8,1.0,0.0,0.49477231789421244,0.34587228298187256,0.0,1.0
binarized,2,all,24,96,0.1875,0.8125,0.09375,0.046875,0.07959479166666666,1.0
binarized,2,low_reward,8,32,0.0,1.0,0.0,0.0,0.0,nan
binarized,2,mid_reward,8,32,0.4375,0.5625,0.21875,0.109375,0.17507265625,1.0
binarized,2,high_reward,8,32,0.125,0.875,0.0625,0.03125,0.06471015625,1.0
binarized,4,all,24,48,0.3541666666666667,0.6458333333333334,0.1631276462275457,0.07552083333333333,0.05006536751610757,1.0
binarized,4,low_reward,8,16,0.0,1.0,0.0,0.0,0.0,nan
binarized,4,mid_reward,8,16,0.8125,0.1875,0.37275635094610965,0.171875,0.10405762248119893,1.0
binarized,4,high_reward,8,16,0.25,0.75,0.1166265877365274,0.0546875,0.03717243984540405,1.0
binarized,8,all,24,24,0.4583333333333333,0.5416666666666666,0.19125664990670033,0.08203125,0.0,1.0
binarized,8,low_reward,8,8,0.0,1.0,0.0,0.0,0.0,nan
binarized,8,mid_reward,8,8,1.0,0.0,0.41778813296369843,0.1796875,0.0,1.0
binarized,8,high_reward,8,8,0.375,0.625,0.15598181675640255,0.06640625,0.0,1.0
